Time,data_I,data_II,data_III,data_V
2024.02.07 08:45,17556.4,17562.6,17555,17561.1
2024.02.07 09:00,17561.4,17565.2,17554.7,17556.2
2024.02.07 09:15,17556.4,17562.8,17551.7,17557.8
2024.02.07 09:30,17557.4,17557.4,17545.1,17548.2
2024.02.07 09:45,17548.4,17554,17545.2,17553.9
2024.02.07 10:00,17553.5,17560.4,17550.9,17555.7
2024.02.07 10:15,17555.4,17561,17550.5,17560
2024.02.07 10:30,17560.3,17565.9,17558.2,17563.4
2024.02.07 10:45,17564.3,17570.4,17560.7,17569.2
2024.02.07 11:00,17569.4,17570,17562,17568.3
2024.02.07 11:15,17568.4,17587.3,17566.2,17580
2024.02.07 11:30,17580.2,17587.7,17576.3,17587.7
2024.02.07 11:45,17587.7,17590.2,17579.3,17588
2024.02.07 12:00,17587.8,17595,17583.7,17591.7
2024.02.07 12:15,17592,17597.2,17588.4,17591.6
2024.02.07 12:30,17591.5,17591.9,17572.8,17578.1
2024.02.07 12:45,17577.9,17579.2,17566.9,17576
2024.02.07 13:00,17575.9,17581.2,17571.6,17575
2024.02.07 13:15,17575.3,17594.1,17574.4,17591.9
2024.02.07 13:30,17591.3,17602.2,17589.5,17594.9
2024.02.07 13:45,17594.9,17596.6,17587.7,17594.8
2024.02.07 14:00,17594.7,17595.2,17576.2,17587.2
2024.02.07 14:15,17587,17589.5,17567.9,17589.5
2024.02.07 14:30,17589.3,17613,17588,17608.6
2024.02.07 14:45,17608.6,17624.5,17608.4,17622.8
2024.02.07 15:00,17623.1,17645.6,17619.3,17644.7
2024.02.07 15:15,17644.5,17650.7,17633.3,17648.6
2024.02.07 15:30,17648.6,17659.9,17641.5,17655.4
2024.02.07 15:45,17655.5,17657.7,17645.6,17650.3
2024.02.07 16:00,17650.3,17677.1,17648.6,17672.2
2024.02.07 16:15,17671.6,17693.1,17670.1,17687
2024.02.07 16:30,17688.9,17692.7,17637.8,17645.8
2024.02.07 16:45,17646,17682.5,17633.9,17661.3
2024.02.07 17:00,17661.2,17725.8,17639.7,17720.1
2024.02.07 17:15,17720.1,17778.8,17715.5,17776.8
2024.02.07 17:30,17776.5,17780.9,17748.2,17764.5
2024.02.07 17:45,17765.1,17785.9,17742.6,17745
2024.02.07 18:00,17745,17764.2,17720.8,17757.3
2024.02.07 18:15,17758,17762,17721.8,17739.3
2024.02.07 18:30,17739.2,17745.4,17714.1,17738.4
2024.02.07 18:45,17738.4,17763.9,17728.9,17755
2024.02.07 19:00,17755.2,17762.5,17735.9,17745.8
2024.02.07 19:15,17745.3,17764.3,17728,17729.4
2024.02.07 19:30,17730.6,17730.6,17692.4,17713.5
2024.02.07 19:45,17713.6,17732.3,17708.5,17731.2
2024.02.07 20:00,17731.2,17750.7,17701.7,17737.4
2024.02.07 20:15,17736.5,17760,17732.4,17759.6
2024.02.07 20:30,17759.7,17768.5,17741,17754.4
2024.02.07 20:45,17755.4,17770.3,17746.3,17763.6
2024.02.07 21:00,17763.9,17768.6,17752,17756.8
2024.02.07 21:15,17756.9,17766,17749.1,17751.6
2024.02.07 21:30,17752.4,17759.8,17743,17750.1
2024.02.07 21:45,17750.2,17771.9,17748.5,17765.4
2024.02.07 22:00,17765.6,17777.2,17759.4,17769.3
2024.02.07 22:15,17769.1,17775.3,17756,17767.7
2024.02.07 22:30,17767.8,17770.5,17746.8,17760
2024.02.07 22:45,17759.7,17762.4,17742.8,17753
2024.02.07 23:00,17753.7,17766,17746.3,17764.1
2024.02.07 23:15,17764.6,17771.8,17756.2,17759.4
2024.02.07 23:30,17759.2,17762.3,17757.4,17761.9
2024.02.07 23:45,17761.7,17770.9,17760,17769.9
2024.02.08 01:00,17770.4,17771.2,17752.7,17759.1
2024.02.08 01:15,17759.3,17763.7,17757.3,17759.9
2024.02.08 01:30,17759.8,17762.6,17753.3,17753.9
2024.02.08 01:45,17753.4,17760.7,17752.8,17760.1
2024.02.08 02:00,17759.9,17760.3,17754.2,17756.6
2024.02.08 02:15,17756.4,17759.9,17754.2,17758.9
2024.02.08 02:30,17759.2,17761.4,17757.9,17758.7
2024.02.08 02:45,17758.6,17759.7,17754.8,17756.6
2024.02.08 03:00,17756.2,17759.2,17754.8,17758.4
2024.02.08 03:15,17758.3,17764.1,17755.1,17756.7
2024.02.08 03:30,17756.7,17765.2,17756.1,17758.3
2024.02.08 03:45,17758.1,17770.1,17757.7,17769.2
2024.02.08 04:00,17769.1,17775.6,17766.4,17769.7
2024.02.08 04:15,17769.6,17772.8,17766.7,17766.9
2024.02.08 04:30,17767.2,17767.2,17762.8,17764.9
2024.02.08 04:45,17765.3,17765.3,17761.6,17763.9
2024.02.08 05:00,17763.7,17767.6,17762.7,17763.9
2024.02.08 05:15,17763.4,17765.3,17762.7,17763.6
2024.02.08 05:30,17763.7,17764.6,17762.7,17764.2
2024.02.08 05:45,17763.9,17766.2,17761.6,17764.1
2024.02.08 06:00,17764.2,17766.1,17763.3,17765.9
2024.02.08 06:15,17766.1,17769.1,17764.9,17768.2
2024.02.08 06:30,17768.3,17771.1,17767.4,17770.7
2024.02.08 06:45,17770.1,17770.4,17767.1,17768.4
2024.02.08 07:00,17768.6,17769.4,17765.3,17767.1
2024.02.08 07:15,17767.2,17771.7,17766.3,17770.9
2024.02.08 07:30,17770.8,17770.9,17763.8,17763.9
2024.02.08 07:45,17764.1,17764.8,17760.6,17764.7
2024.02.08 08:00,17764.6,17767.7,17760.9,17761.4
2024.02.08 08:15,17761.3,17767.6,17760.9,17766.2
2024.02.08 08:30,17766.4,17772.3,17766.2,17768.9
2024.02.08 08:45,17769.2,17775.2,17768.4,17772.7
2024.02.08 09:00,17772.6,17780.1,17766.8,17777.2
2024.02.08 09:15,17777.4,17779.4,17766.3,17771.3
2024.02.08 09:30,17771.6,17773.3,17766.9,17767.3
2024.02.08 09:45,17767.4,17770.9,17761.8,17763.6
2024.02.08 10:00,17763.8,17769.7,17759.3,17761.1
2024.02.08 10:15,17760.9,17762.2,17740.1,17748.3
2024.02.08 10:30,17748.1,17755.3,17743.2,17754.6
2024.02.08 10:45,17754.8,17755.3,17746.2,17755.1
2024.02.08 11:00,17754.8,17770.1,17754.8,17767.8
2024.02.08 11:15,17768.7,17770.1,17761.2,17761.3
2024.02.08 11:30,17761.1,17769.7,17760.8,17768.1
2024.02.08 11:45,17768.1,17768.6,17762.6,17764.1
2024.02.08 12:00,17764.1,17767.8,17757.1,17765.3
2024.02.08 12:15,17765.4,17765.8,17759.4,17762.7
2024.02.08 12:30,17761.9,17761.9,17751.6,17753.3
2024.02.08 12:45,17753.2,17755.8,17748.9,17755.1
2024.02.08 13:00,17754.8,17756.2,17746.9,17748.3
2024.02.08 13:15,17748.3,17750.7,17720.1,17720.1
2024.02.08 13:30,17720.6,17734.1,17718.3,17732.6
2024.02.08 13:45,17732.7,17733.3,17720.1,17728.3
2024.02.08 14:00,17728.8,17738.1,17720.3,17737.8
2024.02.08 14:15,17737.6,17738.1,17730.3,17732.6
2024.02.08 14:30,17732.8,17735.1,17724.1,17734.7
2024.02.08 14:45,17734.3,17737.7,17720.8,17724.3
2024.02.08 15:00,17726.3,17734.6,17719.2,17726.9
2024.02.08 15:15,17727.2,17728.9,17710.4,17720.3
2024.02.08 15:30,17720.3,17744.7,17710.1,17737.8
2024.02.08 15:45,17737.8,17742.4,17730.6,17742.4
2024.02.08 16:00,17741.8,17743.9,17735.3,17736.3
2024.02.08 16:15,17736.3,17752.6,17734.8,17752.3
2024.02.08 16:30,17754.9,17769.1,17724.9,17737.6
2024.02.08 16:45,17736.7,17770.2,17734.8,17769.3
2024.02.08 17:00,17769.6,17781.4,17752.4,17758.3
2024.02.08 17:15,17758.3,17784.2,17753.3,17758.1
2024.02.08 17:30,17758.3,17778.6,17743.5,17775.3
2024.02.08 17:45,17775.3,17811.9,17771.6,17809
2024.02.08 18:00,17809,17811,17792.2,17800.9
2024.02.08 18:15,17800.7,17813.5,17781.4,17783.2
2024.02.08 18:30,17783.3,17806.4,17778.3,17787.9
2024.02.08 18:45,17787.1,17807.4,17784.7,17804.3
2024.02.08 19:00,17803.9,17806.9,17781.2,17801
2024.02.08 19:15,17800.9,17814,17794.9,17806.7
2024.02.08 19:30,17806.7,17810.1,17781.9,17785.4
2024.02.08 19:45,17785.3,17788.2,17767.9,17774.8
2024.02.08 20:00,17775,17807,17770.5,17793.7
2024.02.08 20:15,17793.7,17802.8,17779.3,17801.4
2024.02.08 20:30,17802.2,17811.7,17794.7,17796
2024.02.08 20:45,17796.1,17800,17781.7,17788.4
2024.02.08 21:00,17788.9,17795,17762.1,17768.9
2024.02.08 21:15,17770.8,17784.3,17760.9,17762.4
2024.02.08 21:30,17762.6,17770.3,17747.3,17768.2
2024.02.08 21:45,17768,17787.6,17766.8,17782.7
2024.02.08 22:00,17782.1,17793.1,17780.5,17787.5
2024.02.08 22:15,17787.5,17798.4,17782.4,17789.7
2024.02.08 22:30,17790.9,17795.1,17776.6,17778.8
2024.02.08 22:45,17778.7,17792.6,17767.6,17783.5
2024.02.08 23:00,17783.5,17783.5,17770.6,17775.2
2024.02.08 23:15,17775.5,17783.4,17775,17781.8
2024.02.08 23:30,17781.7,17782.2,17780.4,17781.8
2024.02.08 23:45,17781.5,17784.4,17780.2,17780.3
2024.02.09 01:00,17776.9,17779.6,17769.4,17772.8
2024.02.09 01:15,17773,17780.5,17773,17778.5
2024.02.09 01:30,17778.8,17784.9,17778.5,17784.2
2024.02.09 01:45,17783.3,17787.5,17780.9,17784.1
2024.02.09 02:00,17784.2,17794.2,17780.2,17789.4
2024.02.09 02:15,17789.3,17789.8,17784.6,17787.2
2024.02.09 02:30,17787.5,17791.1,17784.5,17790.9
2024.02.09 02:45,17790.6,17790.6,17775.7,17776.4
2024.02.09 03:00,17776,17782.2,17775,17778.4
2024.02.09 03:15,17778.3,17781.2,17773.4,17775.6
2024.02.09 03:30,17775.6,17777.4,17770.3,17775.5
2024.02.09 03:45,17775.2,17776.5,17769.6,17771.4
2024.02.09 04:00,17771.3,17776.4,17770.8,17775.9
2024.02.09 04:15,17776.1,17780.3,17774.9,17776.9
2024.02.09 04:30,17776.8,17780.3,17775.2,17778.4
2024.02.09 04:45,17778.2,17781.4,17777.2,17778.1
2024.02.09 05:00,17778,17783.2,17777.7,17782.3
2024.02.09 05:15,17782,17783.9,17780.1,17782.9
2024.02.09 05:30,17782.7,17784.4,17778.9,17784.2
2024.02.09 05:45,17783.9,17786.7,17782.1,17786.2
2024.02.09 06:00,17785.9,17786.9,17783.4,17783.4
2024.02.09 06:15,17783.5,17786.9,17783.1,17783.5
2024.02.09 06:30,17783.4,17785.8,17782.3,17785.3
2024.02.09 06:45,17784.8,17785.4,17780.8,17781.3
2024.02.09 07:00,17781,17786.8,17781,17786.1
2024.02.09 07:15,17786.2,17788.4,17785.2,17786.6
2024.02.09 07:30,17786.7,17787.6,17782.4,17784.7
2024.02.09 07:45,17784.9,17785.4,17778.6,17780.2
2024.02.09 08:00,17780.1,17782.6,17779.4,17782
2024.02.09 08:15,17781.8,17781.9,17776.7,17777.6
2024.02.09 08:30,17777.1,17783.5,17776.8,17780.7
2024.02.09 08:45,17781.1,17783.1,17778.1,17778.6
2024.02.09 09:00,17778.7,17786.7,17778.7,17785.5
2024.02.09 09:15,17785.7,17800.8,17785,17798.7
2024.02.09 09:30,17798.5,17802.1,17795,17798
2024.02.09 09:45,17797.6,17804,17797.1,17803.3
2024.02.09 10:00,17802.7,17826.7,17802.7,17820.3
2024.02.09 10:15,17819.8,17843.9,17815.3,17840.2
2024.02.09 10:30,17839.9,17842.1,17827.7,17828.8
2024.02.09 10:45,17828.3,17838,17826.4,17838
2024.02.09 11:00,17837.8,17837.8,17807.7,17807.7
2024.02.09 11:15,17808,17817.1,17803.3,17815.3
2024.02.09 11:30,17815.2,17821.7,17810.9,17818.2
2024.02.09 11:45,17817.4,17825.2,17815.7,17823.2
2024.02.09 12:00,17822.6,17830.7,17821,17829.2
2024.02.09 12:15,17829.2,17837.9,17828,17834.2
2024.02.09 12:30,17834.1,17839.9,17831.7,17835.3
2024.02.09 12:45,17835.1,17836.3,17828.8,17832.7
2024.02.09 13:00,17832.8,17833.7,17818.6,17824.4
2024.02.09 13:15,17824.4,17831,17820.2,17830.3
2024.02.09 13:30,17830.1,17842.7,17830.1,17838
2024.02.09 13:45,17837.9,17840.4,17829.9,17836.6
2024.02.09 14:00,17836.8,17849,17835.5,17843.6
2024.02.09 14:15,17843.6,17856.8,17841.2,17850.6
2024.02.09 14:30,17850.4,17854.9,17842.2,17848.2
2024.02.09 14:45,17848.2,17849.5,17832.8,17833.4
2024.02.09 15:00,17833.8,17837.3,17825.6,17826.9
2024.02.09 15:15,17827.1,17834.4,17825.5,17830.6
2024.02.09 15:30,17830.5,17889,17821.2,17852
2024.02.09 15:45,17852.9,17859.1,17840.3,17848.6
2024.02.09 16:00,17848.9,17851.1,17834.8,17850.6
2024.02.09 16:15,17850.3,17850.6,17821.9,17828.3
2024.02.09 16:30,17826.9,17828.5,17795,17820.5
2024.02.09 16:45,17820.6,17862.8,17816.9,17860.1
2024.02.09 17:00,17860,17871.8,17843.3,17855.8
2024.02.09 17:15,17856,17890.1,17853.4,17889.9
2024.02.09 17:30,17890.1,17913.1,17882.3,17907.4
2024.02.09 17:45,17907.7,17917.2,17898.6,17913.2
2024.02.09 18:00,17913.5,17927.7,17911,17920.5
2024.02.09 18:15,17920.7,17922.7,17896.2,17903.6
2024.02.09 18:30,17903.6,17916.5,17887.1,17913.8
2024.02.09 18:45,17913.7,17924.4,17909.9,17912.1
2024.02.09 19:00,17912.7,17915.7,17899.4,17904.6
2024.02.09 19:15,17904.6,17922.2,17898,17921.5
2024.02.09 19:30,17921.4,17928,17913.3,17927.4
2024.02.09 19:45,17927.2,17945.8,17923.9,17942.6
2024.02.09 20:00,17942.7,17952.4,17940,17944.3
2024.02.09 20:15,17944.3,17958.7,17939.2,17954.5
2024.02.09 20:30,17954.5,17962.7,17948.8,17950.9
2024.02.09 20:45,17950.8,17959.5,17945,17956.4
2024.02.09 21:00,17956.4,17958.6,17947.9,17955.2
2024.02.09 21:15,17955.4,17969.3,17951.8,17968.9
2024.02.09 21:30,17968.9,17984.5,17966.6,17983.9
2024.02.09 21:45,17983.2,17988.9,17972.6,17973.3
2024.02.09 22:00,17973.6,17975.1,17951.3,17964.2
2024.02.09 22:15,17964.2,17971.5,17954.6,17960.8
2024.02.09 22:30,17960.7,17963.8,17950.5,17957.6
2024.02.09 22:45,17957.3,17967.9,17950.1,17958
2024.02.09 23:00,17958.1,17960.3,17946.9,17948.6
2024.02.09 23:15,17948.4,17952.3,17948.4,17951.3
2024.02.09 23:30,17951.4,17953.4,17950.4,17952.3
2024.02.09 23:45,17952.1,17955.9,17949.6,17954.3
2024.02.12 01:00,17959.4,17960.2,17921.9,17932.6
2024.02.12 01:15,17932.8,17950.8,17931.2,17950.6
2024.02.12 01:30,17951.4,17957.9,17949.3,17956.1
2024.02.12 01:45,17956.3,17956.8,17950.8,17953.1
2024.02.12 02:00,17953.3,17957.3,17944.1,17945.3
2024.02.12 02:15,17945.6,17951.4,17945.6,17951.3
2024.02.12 02:30,17951.4,17955.7,17949.7,17951.1
2024.02.12 02:45,17950.8,17957.4,17950.8,17951.7
2024.02.12 03:00,17951.8,17955.3,17950.8,17953.6
2024.02.12 03:15,17953.4,17959.2,17952.3,17955.1
2024.02.12 03:30,17955.1,17958.3,17955.1,17955.2
2024.02.12 03:45,17955.3,17955.8,17950.9,17954.6
2024.02.12 04:00,17954.7,17955.1,17949.3,17951.2
2024.02.12 04:15,17951.1,17952.2,17949.8,17951.7
2024.02.12 04:30,17951.8,17953.7,17950.8,17951.8
2024.02.12 04:45,17951.9,17952.6,17949.2,17950.1
2024.02.12 05:00,17950.3,17952.3,17950.2,17950.4
2024.02.12 05:15,17950.3,17952.1,17949.7,17950.8
2024.02.12 05:30,17950.3,17950.7,17946.3,17947.8
2024.02.12 05:45,17947.6,17947.6,17945.3,17946.3
2024.02.12 06:00,17946.1,17952.1,17945.7,17951.1
2024.02.12 06:15,17951.2,17951.9,17945.1,17945.6
2024.02.12 06:30,17945.4,17945.7,17941.2,17942.6
2024.02.12 06:45,17942.3,17942.6,17935.6,17938.1
2024.02.12 07:00,17937.4,17939.6,17936.3,17937.9
2024.02.12 07:15,17937.6,17940.2,17936.8,17937.8
2024.02.12 07:30,17938.3,17938.8,17936.4,17937.4
2024.02.12 07:45,17937.6,17937.8,17934.3,17937.3
2024.02.12 08:00,17937.6,17941.4,17937.1,17939.3
2024.02.12 08:15,17939.1,17947.1,17936.7,17943.1
2024.02.12 08:30,17943.6,17948.1,17940.4,17946.1
2024.02.12 08:45,17945.9,17945.9,17940.1,17941.6
2024.02.12 09:00,17941.3,17952.8,17939.3,17951.9
2024.02.12 09:15,17952.1,17967.6,17948.8,17958.8
2024.02.12 09:30,17959.1,17962.6,17951.1,17953.8
2024.02.12 09:45,17953.9,17961.2,17953.7,17956.1
2024.02.12 10:00,17956.8,17963.9,17953.9,17959.8
2024.02.12 10:15,17960.3,17971.1,17957.2,17967.9
2024.02.12 10:30,17967.8,17973.7,17960.2,17964.7
2024.02.12 10:45,17964.9,17966.1,17958.6,17963.9
2024.02.12 11:00,17963.3,17977.8,17961.6,17965.8
2024.02.12 11:15,17965.9,17974.1,17965.7,17972.8
2024.02.12 11:30,17972.8,17975.7,17970.2,17974.1
2024.02.12 11:45,17974.1,17975.3,17966.8,17969.9
2024.02.12 12:00,17969.8,17977.3,17962.1,17975.3
2024.02.12 12:15,17975.9,17977.1,17965.8,17970.1
2024.02.12 12:30,17970.1,17971.9,17964.7,17966.8
2024.02.12 12:45,17966.8,17970.1,17964.6,17969.4
2024.02.12 13:00,17969.3,17969.6,17961.2,17965.8
2024.02.12 13:15,17965.9,17974.8,17964.8,17968.8
2024.02.12 13:30,17968.8,17971.4,17960.8,17967.3
2024.02.12 13:45,17967.6,17967.6,17962.8,17963.1
2024.02.12 14:00,17963.6,17968.6,17954.6,17963.8
2024.02.12 14:15,17963.2,17964.7,17954.6,17955.1
2024.02.12 14:30,17954.9,17959.2,17950.6,17957.3
2024.02.12 14:45,17957.8,17959.1,17951.4,17958.8
2024.02.12 15:00,17959.2,17965.1,17952.6,17964.1
2024.02.12 15:15,17963.9,17966.3,17958.4,17960.6
2024.02.12 15:30,17960.3,17961.4,17947.7,17949.3
2024.02.12 15:45,17949.3,17952.3,17945.2,17947.8
2024.02.12 16:00,17947.8,17953.8,17940.9,17941.8
2024.02.12 16:15,17942.2,17950.7,17940.3,17948.3
2024.02.12 16:30,17948.1,17971.3,17926.6,17959.2
2024.02.12 16:45,17959.2,17961.8,17937.3,17959.9
2024.02.12 17:00,17961.3,17961.6,17941.7,17948.2
2024.02.12 17:15,17948.1,17960.8,17937.2,17955.1
2024.02.12 17:30,17955.1,17983.2,17949.9,17981.5
2024.02.12 17:45,17981.6,18005.1,17978.9,18000.6
2024.02.12 18:00,18000.7,18002.7,17984.4,17991.7
2024.02.12 18:15,17991.3,18017.7,17988.6,18014.7
2024.02.12 18:30,18015,18041.3,18010.7,18026.9
2024.02.12 18:45,18026.9,18035.3,18004.2,18020.7
2024.02.12 19:00,18020.4,18028.8,18008.6,18024.1
2024.02.12 19:15,18023.9,18024.6,17987.9,17997.3
2024.02.12 19:30,17997.3,18007.5,17996.9,17997.8
2024.02.12 19:45,17997.7,18025.5,17997.2,18024.2
2024.02.12 20:00,18024.1,18029.5,18011,18024.4
2024.02.12 20:15,18023.6,18028.8,17974.4,17976.6
2024.02.12 20:30,17976.6,17976.6,17913.7,17926.9
2024.02.12 20:45,17927.3,17950.5,17922.2,17941.5
2024.02.12 21:00,17941,17945.5,17915.1,17926.2
2024.02.12 21:15,17926.3,17926.8,17857.2,17899.2
2024.02.12 21:30,17899.4,17909.6,17884.1,17896.9
2024.02.12 21:45,17896.8,17901.8,17865.1,17873.4
2024.02.12 22:00,17873.3,17903.3,17870.5,17896.9
2024.02.12 22:15,17896.9,17907.7,17890.4,17895.9
2024.02.12 22:30,17896.1,17899.8,17883.5,17890.8
2024.02.12 22:45,17891.1,17903.3,17874.6,17887.4
2024.02.12 23:00,17885.9,17888.8,17843.7,17847
2024.02.12 23:15,17846.7,17851.5,17833.6,17842.4
2024.02.12 23:30,17842.5,17843.8,17839.6,17842.7
2024.02.12 23:45,17842.6,17851.8,17840.6,17851.4
2024.02.13 01:00,17848.1,17854.9,17839.7,17841
2024.02.13 01:15,17841.1,17857.1,17841.1,17850.9
2024.02.13 01:30,17851.4,17859.6,17849.8,17858.9
2024.02.13 01:45,17858.7,17862.5,17858,17860.4
2024.02.13 02:00,17860.3,17861.8,17847.7,17850
2024.02.13 02:15,17849.9,17853.6,17840.7,17850.6
2024.02.13 02:30,17850.6,17855,17849.3,17851.2
2024.02.13 02:45,17851.9,17854.9,17846.4,17852.1
2024.02.13 03:00,17851.9,17853.9,17846.5,17850.2
2024.02.13 03:15,17850.1,17850.4,17843.2,17847.6
2024.02.13 03:30,17847.5,17849.3,17845.9,17848.1
2024.02.13 03:45,17847.9,17850.3,17847.3,17849
2024.02.13 04:00,17848.8,17850.1,17844.6,17849
2024.02.13 04:15,17849.1,17854.1,17848.6,17853.9
2024.02.13 04:30,17853.6,17859.1,17853.6,17857.9
2024.02.13 04:45,17857.8,17862.1,17855.4,17856.4
2024.02.13 05:00,17856.5,17857.4,17853.6,17855.5
2024.02.13 05:15,17855.3,17855.9,17853.1,17854
2024.02.13 05:30,17853.7,17854,17847.3,17851.8
2024.02.13 05:45,17852,17852.8,17847.8,17848.8
2024.02.13 06:00,17849,17851.3,17847.6,17849.1
2024.02.13 06:15,17849,17855.1,17848.4,17854.4
2024.02.13 06:30,17854.1,17854.7,17846.7,17851.2
2024.02.13 06:45,17851,17854.4,17850.2,17852.4
2024.02.13 07:00,17852.3,17855.7,17851.6,17855.3
2024.02.13 07:15,17855.1,17864.6,17854.7,17864.2
2024.02.13 07:30,17863.9,17864.5,17860.8,17860.8
2024.02.13 07:45,17860.7,17866.7,17860.5,17863
2024.02.13 08:00,17863.2,17877.1,17862.8,17876.2
2024.02.13 08:15,17876.4,17883.7,17876.1,17882.2
2024.02.13 08:30,17882.7,17883.2,17875.6,17881.5
2024.02.13 08:45,17881.3,17883,17873.7,17875.7
2024.02.13 09:00,17875.9,17879.5,17871.8,17877.6
2024.02.13 09:15,17877.4,17880.3,17873.7,17878.8
2024.02.13 09:30,17882.3,17882.3,17863.8,17866.1
2024.02.13 09:45,17866.3,17877.9,17864.6,17877.9
2024.02.13 10:00,17878.6,17886.9,17866,17870
2024.02.13 10:15,17869.7,17874.2,17858.4,17859.3
2024.02.13 10:30,17859.1,17861.2,17834.6,17834.6
2024.02.13 10:45,17834.8,17836.4,17813.6,17815
2024.02.13 11:00,17816.1,17829.3,17807.4,17810.3
2024.02.13 11:15,17810.4,17825.6,17806.7,17813.6
2024.02.13 11:30,17813.4,17816,17794.4,17799.9
2024.02.13 11:45,17800,17800.4,17786.1,17793.7
2024.02.13 12:00,17793.7,17797.6,17782.2,17785.3
2024.02.13 12:15,17786,17787.7,17771.9,17777
2024.02.13 12:30,17776.4,17791.2,17776,17782
2024.02.13 12:45,17781.3,17782.5,17768.1,17776.6
2024.02.13 13:00,17776.8,17781.1,17769,17771.1
2024.02.13 13:15,17771,17784.4,17770.5,17780.5
2024.02.13 13:30,17779.5,17779.7,17770.6,17770.7
2024.02.13 13:45,17770.8,17772.4,17760.4,17765.8
2024.02.13 14:00,17765.8,17769.1,17732.6,17746.2
2024.02.13 14:15,17745.6,17757.8,17743.7,17751.4
2024.02.13 14:30,17751.2,17761.9,17746.5,17748.4
2024.02.13 14:45,17748.2,17761.7,17740.1,17757.5
2024.02.13 15:00,17757.9,17771.2,17753.8,17769
2024.02.13 15:15,17768.7,17777.6,17761,17768.3
2024.02.13 15:30,17782.2,17793.4,17584,17606.9
2024.02.13 15:45,17606.9,17614.7,17565,17587.9
2024.02.13 16:00,17588,17588.6,17543.4,17557.5
2024.02.13 16:15,17557,17574.2,17544.2,17554.4
2024.02.13 16:30,17555.1,17591,17513.6,17568.1
2024.02.13 16:45,17568,17610.1,17556.6,17601
2024.02.13 17:00,17600.7,17606.5,17571.4,17578.1
2024.02.13 17:15,17578.1,17670.8,17558.2,17670.8
2024.02.13 17:30,17670.7,17719.5,17664.6,17709.9
2024.02.13 17:45,17709.9,17717.1,17655.2,17656.2
2024.02.13 18:00,17656.3,17706.1,17656.3,17687.1
2024.02.13 18:15,17686.5,17691.8,17663.4,17682.6
2024.02.13 18:30,17682.3,17696.6,17661.3,17692.3
2024.02.13 18:45,17692.5,17697.7,17645.5,17651.4
2024.02.13 19:00,17651.4,17654.9,17620.8,17634.2
2024.02.13 19:15,17634.4,17648.2,17615.9,17621
2024.02.13 19:30,17621,17657.3,17621,17649.2
2024.02.13 19:45,17649.7,17653,17594,17604.3
2024.02.13 20:00,17604.2,17621.8,17595.6,17620.7
2024.02.13 20:15,17620.8,17627.9,17601.5,17613.6
2024.02.13 20:30,17613,17620.1,17599.8,17605.5
2024.02.13 20:45,17605.6,17611.4,17577.6,17586.9
2024.02.13 21:00,17586.9,17587.4,17522.9,17526.6
2024.02.13 21:15,17526.4,17550.3,17524.9,17543.9
2024.02.13 21:30,17543.9,17578.6,17541.3,17563
2024.02.13 21:45,17562.7,17566.6,17500,17509
2024.02.13 22:00,17509,17518.4,17493.6,17498.8
2024.02.13 22:15,17498.9,17506,17475.9,17502.5
2024.02.13 22:30,17502.9,17553.8,17498.2,17551.2
2024.02.13 22:45,17551.3,17608.7,17549.3,17607.5
2024.02.13 23:00,17607.4,17620,17597.7,17612
2024.02.13 23:15,17611.7,17622.6,17611,17616.1
2024.02.13 23:30,17615.9,17628.6,17615.9,17626.6
2024.02.13 23:45,17626.4,17628.2,17623.8,17625.3
2024.02.14 01:00,17623.5,17627,17608.3,17609.4
2024.02.14 01:15,17609.7,17613.9,17605.9,17612.1
2024.02.14 01:30,17612.3,17620.9,17610,17617.8
2024.02.14 01:45,17617.8,17618.8,17606.5,17614.7
2024.02.14 02:00,17615.1,17615.1,17606.2,17608.9
2024.02.14 02:15,17608.7,17612.2,17597.3,17600.8
2024.02.14 02:30,17601.3,17607.1,17599.6,17606.6
2024.02.14 02:45,17606.4,17616.7,17606.2,17610.1
2024.02.14 03:00,17610.6,17612.6,17603.5,17605.3
2024.02.14 03:15,17604.9,17605.9,17593.5,17600.9
2024.02.14 03:30,17600.7,17604.2,17594.2,17603.5
2024.02.14 03:45,17603.6,17608.1,17595.8,17603.5
2024.02.14 04:00,17603.6,17612.8,17601.8,17604.9
2024.02.14 04:15,17604.7,17610,17604.1,17606
2024.02.14 04:30,17605.8,17605.8,17594.3,17597.4
2024.02.14 04:45,17597.3,17599.4,17596.6,17598.7
2024.02.14 05:00,17598.3,17603.9,17596.5,17600.4
2024.02.14 05:15,17600.2,17604.9,17598.4,17604.6
2024.02.14 05:30,17604.4,17604.6,17598.5,17602.1
2024.02.14 05:45,17602.2,17606.6,17600.1,17602
2024.02.14 06:00,17601.8,17602.8,17598.9,17601.8
2024.02.14 06:15,17601.5,17601.7,17597.4,17599.5
2024.02.14 06:30,17599.7,17602.1,17597.8,17600.9
2024.02.14 06:45,17600.9,17613,17599.6,17610
2024.02.14 07:00,17609.8,17615.8,17608.7,17611.1
2024.02.14 07:15,17610.8,17614.7,17610.4,17612
2024.02.14 07:30,17611.8,17617,17610.2,17612.9
2024.02.14 07:45,17612.7,17614.8,17610.1,17611.5
2024.02.14 08:00,17611,17627.7,17611,17623.4
2024.02.14 08:15,17624.1,17625.2,17618.4,17623.1
2024.02.14 08:30,17623.2,17629.2,17622.7,17629.2
2024.02.14 08:45,17629.5,17631.3,17626,17630.1
2024.02.14 09:00,17629.9,17652.4,17619.1,17652.4
2024.02.14 09:15,17652.7,17669,17651.9,17665.1
2024.02.14 09:30,17666.3,17669.1,17657.5,17661.1
2024.02.14 09:45,17660.9,17670.4,17660.2,17667.7
2024.02.14 10:00,17666,17668.9,17657,17660.8
2024.02.14 10:15,17660.8,17681.2,17656.9,17675.7
2024.02.14 10:30,17676,17679.2,17665,17677.1
2024.02.14 10:45,17676.9,17682,17665.4,17678.8
2024.02.14 11:00,17678.1,17690.9,17673.2,17689.7
2024.02.14 11:15,17690,17698.9,17687.1,17693
2024.02.14 11:30,17692.8,17704.5,17689.2,17704.5
2024.02.14 11:45,17704.7,17721.7,17702.2,17719.2
2024.02.14 12:00,17718.9,17722.2,17707.4,17709.5
2024.02.14 12:15,17709.6,17715.7,17703.6,17705.6
2024.02.14 12:30,17705.6,17711.8,17702.6,17707.1
2024.02.14 12:45,17707.3,17720.2,17705,17711.8
2024.02.14 13:00,17711.7,17712.7,17691.9,17694.7
2024.02.14 13:15,17694.5,17701.7,17692.5,17700.1
2024.02.14 13:30,17700.2,17702.7,17684.6,17695.9
2024.02.14 13:45,17695.8,17717.3,17692.3,17715.8
2024.02.14 14:00,17715.9,17738,17713.2,17721.6
2024.02.14 14:15,17721.7,17728.3,17716.7,17718.7
2024.02.14 14:30,17718.6,17722.2,17709.3,17715.8
2024.02.14 14:45,17715.7,17725.3,17711.8,17716.3
2024.02.14 15:00,17717.1,17737.2,17714.6,17730
2024.02.14 15:15,17730,17730,17700,17707.1
2024.02.14 15:30,17707.1,17722.8,17698,17722.6
2024.02.14 15:45,17722.4,17726,17694.1,17705.2
2024.02.14 16:00,17705.5,17708.4,17692.9,17704.2
2024.02.14 16:15,17704.5,17718.5,17694.3,17716.8
2024.02.14 16:30,17715.7,17746.3,17672.5,17699.8
2024.02.14 16:45,17700.1,17721.1,17679.4,17716.5
2024.02.14 17:00,17716.6,17740.6,17702.7,17718.7
2024.02.14 17:15,17718.7,17773.7,17711.5,17764.1
2024.02.14 17:30,17764.2,17768.9,17715.8,17717.5
2024.02.14 17:45,17717.8,17733.8,17670.9,17671
2024.02.14 18:00,17671.3,17671.3,17632.9,17648.6
2024.02.14 18:15,17648.5,17686,17631.1,17678.3
2024.02.14 18:30,17678,17693.9,17649.6,17655.5
2024.02.14 18:45,17656,17679.3,17650.9,17654.1
2024.02.14 19:00,17654.4,17664.6,17617.2,17659.2
2024.02.14 19:15,17658.8,17689.4,17651.7,17689.1
2024.02.14 19:30,17689.1,17707,17686.4,17703.4
2024.02.14 19:45,17703.6,17713.1,17698.4,17703.4
2024.02.14 20:00,17702.9,17717.6,17665,17675.5
2024.02.14 20:15,17675.7,17689.2,17670.5,17685.9
2024.02.14 20:30,17686.6,17739.8,17682.9,17717.6
2024.02.14 20:45,17717.3,17732.6,17694.7,17711.8
2024.02.14 21:00,17711.8,17713.8,17658.5,17682.4
2024.02.14 21:15,17681.5,17710.9,17670.1,17707.9
2024.02.14 21:30,17707.8,17723.6,17699.1,17710.7
2024.02.14 21:45,17710.7,17724.5,17701.6,17723.4
2024.02.14 22:00,17723.4,17738.6,17711.9,17731.9
2024.02.14 22:15,17731.5,17769.6,17730.3,17764
2024.02.14 22:30,17763.9,17786.6,17751.2,17783.5
2024.02.14 22:45,17783.4,17813.4,17779.4,17796.1
2024.02.14 23:00,17796,17806,17784.9,17789.9
2024.02.14 23:15,17789.9,17805.5,17789.4,17803.7
2024.02.14 23:30,17803.4,17806.6,17798.5,17800.7
